<?xml version="1.0" encoding="UTF-8"?>
<PeopleAndStudios xmlns="http://example.com/schema-4"
                     xmlns:xsi="http://www.w3.org/2001/XMLSchema-instance"
                     xsi:schemaLocation="http://example.com/schema-4 ../schemas/schema-4.xsd">
    <Countries>
        <Country id="country_us">
            <Name>United States</Name>
            <Code>US</Code>
        </Country>

        <Country id="country_uk">
            <Name>United Kingdom</Name>
            <Code>GB</Code>
        </Country>

        <Country id="country_fr">
            <Name>France</Name>
            <Code>FR</Code>
        </Country>
    </Countries>

    <Studios>
        <Studio id="studio_warner_bros">
            <Name>Warner Bros. Pictures</Name>
            <FoundedYear>1923</FoundedYear>
            <MoviesProduced>12500</MoviesProduced>
            <Location ref="country_us" />
        </Studio>

        <Studio id="studio_universal">
            <Name>Universal Pictures</Name>
            <FoundedYear>1912</FoundedYear>
            <MoviesProduced>400</MoviesProduced>
            <Location ref="country_us" />
        </Studio>

        <Studio id="studio_legendary_pictures">
            <Name>Legendary Pictures</Name>
            <FoundedYear>2000</FoundedYear>
            <MoviesProduced>70</MoviesProduced>
            <Location ref="country_us" />
        </Studio>
    </Studios>

    <People>
        <Person id="actor_leonardo_dicaprio" type="Actor">
            <FullName>Leonardo DiCaprio</FullName>
            <BirthDate>1974-11-11</BirthDate>
            <StageName>Leonardo DiCaprio</StageName>
            <DebutYear>1991</DebutYear>
            <BornIn ref="country_us"/>
        </Person>

        <Person id="actor_amy_adams" type="Actor">
            <FullName>Amy Adams</FullName>
            <BirthDate>1974-08-20</BirthDate>
            <StageName>Amy Adams</StageName>
            <DebutYear>1995</DebutYear>
            <BornIn ref="country_us"/>
        </Person>

        <Person id="actor_gal_gadot" type="Actor">
            <FullName>Gal Gadot</FullName>
            <BirthDate>1985-04-30</BirthDate>
            <StageName>Gal Gadot</StageName>
            <DebutYear>2007</DebutYear>
            <BornIn ref="country_us"/>
        </Person>

        <Person id="director_christopher_nolan" type="Director">
            <FullName>Christopher Nolan</FullName>
            <BirthDate>1970-07-30</BirthDate>
            <ActiveSince>1998</ActiveSince>
            <AwardsCount>220</AwardsCount>
            <BornIn ref="country_uk"/>
        </Person>

        <Person id="director_denis_villeneuve" type="Director">
            <FullName>Denis Villeneuve</FullName>
            <BirthDate>1967-10-03</BirthDate>
            <ActiveSince>1994</ActiveSince>
            <AwardsCount>160</AwardsCount>
            <BornIn ref="country_fr" />
        </Person>

        <Person id="director_patty_jenkins" type="Director">
            <FullName>Patty Jenkins</FullName>
            <BirthDate>1971-07-24</BirthDate>
            <ActiveSince>2003</ActiveSince>
            <AwardsCount>40</AwardsCount>
            <BornIn ref="country_us" />
        </Person>

    </People>

</PeopleAndStudios>