<?xml version="1.0" encoding="UTF-8"?>
<MovieDatabase xmlns="http://example.com/schema-1"
    xmlns:xsi="http://www.w3.org/2001/XMLSchema-instance"
    xsi:schemaLocation="http://example.com/schema-1 ../schemas/schema-1.xsd">
    
    <Countries>
        <Country id="c-us">
            <Name>United States</Name>
            <Code>US</Code>
        </Country>
        <Country id="c-gb">
            <Name>United Kingdom</Name>
            <Code>GB</Code>
        </Country>
        <Country id="c-de">
            <Name>Deutschland</Name>
            <Code>DE</Code>
        </Country>
    </Countries>

    <Studios>
        <Studio id="s-wb">
            <Name>Warner Bros. Pictures</Name>
            <FoundedYear>1923</FoundedYear>
            <MoviesProduced>200</MoviesProduced>
            <Location ref="c-us"/>
        </Studio>

        <Studio id="s-pinewood">
            <Name>Pinewood Studios</Name>
            <FoundedYear>1936</FoundedYear>
            <MoviesProduced>150</MoviesProduced>
            <Location ref="c-gb"/>
        </Studio>

        <Studio id="s-babelsberg">
            <Name>Studio Babelsberg</Name>
            <FoundedYear>1912</FoundedYear>
            <MoviesProduced>120</MoviesProduced>
            <Location ref="c-de"/>
        </Studio>
    </Studios>

    <Cinemas>
        <Cinema id="cin-berlin">
            <Name>IMAX Berlin</Name>
            <Capacity>500</Capacity>
            <Luxury>true</Luxury>
            <Phone>+49-30-555-000</Phone>
            <Location ref="c-de"/>
        </Cinema>

        <Cinema id="cin-london">
            <Name>London Central Cinema</Name>
            <Capacity>350</Capacity>
            <Luxury>false</Luxury>
            <Phone>+44-20-222-3333</Phone>
            <Location ref="c-gb"/>
        </Cinema>

        <Cinema id="cin-nyc">
            <Name>NYC Downtown Cinema</Name>
            <Capacity>420</Capacity>
            <Luxury>true</Luxury>
            <Phone>+1-212-100-2000</Phone>
            <Location ref="c-us"/>
        </Cinema>
    </Cinemas>

    <People>
        <Person id="p-nolan" type="Director">
            <FullName>Christopher Nolan</FullName>
            <BirthDate>1970-07-30</BirthDate>
            <ActiveSince>1998</ActiveSince>
            <AwardsCount>10</AwardsCount>
            <BornIn ref="c-gb"/>
        </Person>

        <Person id="p-wachowski" type="Director">
            <FullName>Lana Wachowski</FullName>
            <BirthDate>1965-06-21</BirthDate>
            <ActiveSince>1994</ActiveSince>
            <AwardsCount>5</AwardsCount>
            <BornIn ref="c-us"/>
        </Person>

        <Person id="p-dicaprio" type="Actor">
            <FullName>Leonardo DiCaprio</FullName>
            <BirthDate>1974-11-11</BirthDate>
            <StageName>Leo</StageName>
            <DebutYear>1991</DebutYear>
            <BornIn ref="c-us"/>
            <ActedIn ref="m-inception"/>
        </Person>
    </People>

    <Movies>
        <Movie id="m-inception">
            <Title xml:lang="en">Inception</Title>
            <Duration>148</Duration>
            <ReleaseDate>2010-07-16</ReleaseDate>
            <DirectedBy ref="p-nolan"/>
            <ProducedBy ref="s-wb"/>
        </Movie>

        <Movie id="m-matrix">
            <Title>The Matrix</Title>
            <Duration>136</Duration>
            <ReleaseDate>1999-03-31</ReleaseDate>
            <DirectedBy ref="p-wachowski"/>
            <ProducedBy ref="s-wb"/>
        </Movie>

        <Movie id="m-tenet">
            <Title>Tenet</Title>
            <Duration>150</Duration>
            <ReleaseDate>2020-08-26</ReleaseDate>
            <DirectedBy ref="p-nolan"/>
            <ProducedBy ref="s-babelsberg"/>
        </Movie>
    </Movies>

    <Screenings>
        <Screening id="scr1">
            <Date>2024-04-01</Date>
            <Time>19:30:00</Time>
            <Language>en</Language>
            <Shows ref="m-inception"/>
            <TakesPlaceAt ref="cin-berlin"/>
        </Screening>

        <Screening id="scr2">
            <Date>2024-04-02</Date>
            <Time>20:00:00</Time>
            <Language>en</Language>
            <Shows ref="m-matrix"/>
            <TakesPlaceAt ref="cin-london"/>
        </Screening>

        <Screening id="scr3">
            <Date>2024-04-03</Date>
            <Time>21:15:00</Time>
            <Language>de</Language>
            <Shows ref="m-tenet"/>
            <TakesPlaceAt ref="cin-nyc"/>
        </Screening>
    </Screenings>

</MovieDatabase>
